{
  "V1": -1.27124419171437,
  "V2": 2.46267526851135,
  "V3": -2.85139500331783,
  "V4": 2.3244800653478,
  "V5": -1.3722448981369,
  "V6": -0.948195686538643,
  "V7": -3.06523436172054,
  "V9": -2.26877058844813,
  "V10": -4.88114292689057,
  "V11": 2.25514748870463,
  "V12": -4.68638689759229,
  "V14": -6.17428834800643,
  "V15": 0.594379608016446,
  "V16": -4.84969238709652,
  "V17": -6.53652073527011,
  "V18": -3.11909388163881,
  "V19": 1.71549441975915,
  "V20": 0.560478075726644,
  "V21": 0.652941051330455,
  "V22": 0.0819309763507574,
  "V24": -0.523582159233306,
  "V25": 0.224228161862968,
  "V26": 0.756334522703558,
  "V27": 0.632800477330469,
  "V28": 0.250187092757197,
  "Time_Hours": -0.0002211483237206061,
  "Amount_Log": -0.36711945323032036,
  "Amount_Bin": 0,
  "V_Mean": -1.0156700379890384,
  "V_Std": 2.5953238729448946,
  "V_Min": -6.53652073527011,
  "V_Max": 2.46267526851135,
  "V_Range": 8.99919600378146
}
